﻿<?xml version="1.0" encoding="utf-8"?>
<abapGit version="v1.0.0" serializer="LCL_OBJECT_VIEW" serializer_version="v1.0.0">
 <asx:abap xmlns:asx="http://www.sap.com/abapxml" version="1.0">
  <asx:values>
   <DD25V>
    <VIEWNAME>ZARV4_V_READER</VIEWNAME>
    <AS4LOCAL>A</AS4LOCAL>
    <DDLANGUAGE>E</DDLANGUAGE>
    <AGGTYPE>V</AGGTYPE>
    <ROOTTAB>ZARV4_D_READER</ROOTTAB>
    <DDTEXT>Reader</DDTEXT>
    <VIEWCLASS>C</VIEWCLASS>
    <CUSTOMAUTH>A</CUSTOMAUTH>
    <GLOBALFLAG>X</GLOBALFLAG>
   </DD25V>
   <DD26V_TABLE>
    <DD26V>
     <VIEWNAME>ZARV4_V_READER</VIEWNAME>
     <TABNAME>ZARV4_D_READER</TABNAME>
     <TABPOS>0001</TABPOS>
     <FORTABNAME>ZARV4_D_READER</FORTABNAME>
    </DD26V>
    <DD26V>
     <VIEWNAME>ZARV4_V_READER</VIEWNAME>
     <TABNAME>ZARV4_D_READER_T</TABNAME>
     <TABPOS>0002</TABPOS>
     <FORTABNAME>ZARV4_D_READER</FORTABNAME>
     <FORFIELD>PERSON_ID</FORFIELD>
     <FORDIR>I</FORDIR>
    </DD26V>
   </DD26V_TABLE>
   <DD27P_TABLE>
    <DD27P>
     <VIEWFIELD>MANDT</VIEWFIELD>
     <TABNAME>ZARV4_D_READER</TABNAME>
     <FIELDNAME>MANDT</FIELDNAME>
     <KEYFLAG>X</KEYFLAG>
    </DD27P>
    <DD27P>
     <VIEWFIELD>PERSON_ID</VIEWFIELD>
     <TABNAME>ZARV4_D_READER</TABNAME>
     <FIELDNAME>PERSON_ID</FIELDNAME>
     <KEYFLAG>X</KEYFLAG>
    </DD27P>
    <DD27P>
     <VIEWFIELD>BIRTH_DATE</VIEWFIELD>
     <TABNAME>ZARV4_D_READER</TABNAME>
     <FIELDNAME>BIRTH_DATE</FIELDNAME>
     <SHLPORIGIN>T</SHLPORIGIN>
    </DD27P>
    <DD27P>
     <VIEWFIELD>PHONE_NUMBER</VIEWFIELD>
     <TABNAME>ZARV4_D_READER</TABNAME>
     <FIELDNAME>PHONE_NUMBER</FIELDNAME>
    </DD27P>
    <DD27P>
     <VIEWFIELD>PERSON_FIRST_NAME</VIEWFIELD>
     <TABNAME>ZARV4_D_READER_T</TABNAME>
     <FIELDNAME>PERSON_FIRST_NAME</FIELDNAME>
    </DD27P>
    <DD27P>
     <VIEWFIELD>PERSON_LAST_NAME</VIEWFIELD>
     <TABNAME>ZARV4_D_READER_T</TABNAME>
     <FIELDNAME>PERSON_LAST_NAME</FIELDNAME>
    </DD27P>
   </DD27P_TABLE>
   <DD28J_TABLE>
    <DD28J>
     <VIEWNAME>ZARV4_V_READER</VIEWNAME>
     <LTAB>ZARV4_D_READER</LTAB>
     <LFIELD>MANDT</LFIELD>
     <OPERATOR>EQ</OPERATOR>
     <RTAB>ZARV4_D_READER_T</RTAB>
     <RFIELD>MANDT</RFIELD>
     <SOURCE>F</SOURCE>
     <FRKTAB>ZARV4_D_READER_T</FRKTAB>
     <FRKFIELD>PERSON_ID</FRKFIELD>
     <FRKDIR>I</FRKDIR>
    </DD28J>
    <DD28J>
     <VIEWNAME>ZARV4_V_READER</VIEWNAME>
     <LTAB>ZARV4_D_READER</LTAB>
     <LFIELD>PERSON_ID</LFIELD>
     <OPERATOR>EQ</OPERATOR>
     <RTAB>ZARV4_D_READER_T</RTAB>
     <RFIELD>PERSON_ID</RFIELD>
     <SOURCE>F</SOURCE>
     <FRKTAB>ZARV4_D_READER_T</FRKTAB>
     <FRKFIELD>PERSON_ID</FRKFIELD>
     <FRKDIR>I</FRKDIR>
    </DD28J>
   </DD28J_TABLE>
  </asx:values>
 </asx:abap>
</abapGit>
