﻿<?xml version="1.0" encoding="utf-8"?>
<abapGit version="v1.0.0" serializer="LCL_OBJECT_TABL" serializer_version="v1.0.0">
 <asx:abap xmlns:asx="http://www.sap.com/abapxml" version="1.0">
  <asx:values>
   <DD02V>
    <TABNAME>ZARV4_D_BOOKING</TABNAME>
    <DDLANGUAGE>E</DDLANGUAGE>
    <TABCLASS>TRANSP</TABCLASS>
    <CLIDEP>X</CLIDEP>
    <DDTEXT>Booking</DDTEXT>
    <MAINFLAG>X</MAINFLAG>
    <CONTFLAG>A</CONTFLAG>
    <EXCLASS>3</EXCLASS>
   </DD02V>
   <DD09L>
    <TABNAME>ZARV4_D_BOOKING</TABNAME>
    <AS4LOCAL>A</AS4LOCAL>
    <TABKAT>0</TABKAT>
    <TABART>APPL0</TABART>
    <BUFALLOW>N</BUFALLOW>
   </DD09L>
   <DD03P_TABLE>
    <DD03P>
     <FIELDNAME>MANDT</FIELDNAME>
     <KEYFLAG>X</KEYFLAG>
     <ROLLNAME>MANDT</ROLLNAME>
     <ADMINFIELD>0</ADMINFIELD>
     <NOTNULL>X</NOTNULL>
     <COMPTYPE>E</COMPTYPE>
    </DD03P>
    <DD03P>
     <FIELDNAME>BOOKING_ID</FIELDNAME>
     <KEYFLAG>X</KEYFLAG>
     <ROLLNAME>ZARV4_BOOKING_ID</ROLLNAME>
     <ADMINFIELD>0</ADMINFIELD>
     <NOTNULL>X</NOTNULL>
     <COMPTYPE>E</COMPTYPE>
    </DD03P>
    <DD03P>
     <FIELDNAME>BOOK_ID</FIELDNAME>
     <ROLLNAME>ZARV4_BOOK_ID</ROLLNAME>
     <CHECKTABLE>ZARV4_D_BOOK</CHECKTABLE>
     <ADMINFIELD>0</ADMINFIELD>
     <SHLPORIGIN>P</SHLPORIGIN>
     <COMPTYPE>E</COMPTYPE>
    </DD03P>
    <DD03P>
     <FIELDNAME>PERSON_ID</FIELDNAME>
     <ROLLNAME>ZARV4_PERSON_ID</ROLLNAME>
     <CHECKTABLE>ZARV4_D_READER</CHECKTABLE>
     <ADMINFIELD>0</ADMINFIELD>
     <SHLPORIGIN>P</SHLPORIGIN>
     <COMPTYPE>E</COMPTYPE>
    </DD03P>
    <DD03P>
     <FIELDNAME>BOOKING_STATUS</FIELDNAME>
     <ROLLNAME>ZARV4_BOOKING_STATUS</ROLLNAME>
     <ADMINFIELD>0</ADMINFIELD>
     <VALEXI>X</VALEXI>
     <SHLPORIGIN>F</SHLPORIGIN>
     <COMPTYPE>E</COMPTYPE>
    </DD03P>
    <DD03P>
     <FIELDNAME>BOOKING_BEG_DATE</FIELDNAME>
     <ROLLNAME>ZARV4_BOOKING_BEG_DATE</ROLLNAME>
     <ADMINFIELD>0</ADMINFIELD>
     <SHLPORIGIN>T</SHLPORIGIN>
     <COMPTYPE>E</COMPTYPE>
    </DD03P>
    <DD03P>
     <FIELDNAME>BOOKING_BEG_TIME</FIELDNAME>
     <ROLLNAME>ZARV4_BOOKING_BEG_TIME</ROLLNAME>
     <ADMINFIELD>0</ADMINFIELD>
     <SHLPORIGIN>T</SHLPORIGIN>
     <COMPTYPE>E</COMPTYPE>
    </DD03P>
    <DD03P>
     <FIELDNAME>BOOKING_END_DATE</FIELDNAME>
     <ROLLNAME>ZARV4_BOOKING_END_DATE</ROLLNAME>
     <ADMINFIELD>0</ADMINFIELD>
     <SHLPORIGIN>T</SHLPORIGIN>
     <COMPTYPE>E</COMPTYPE>
    </DD03P>
    <DD03P>
     <FIELDNAME>BOOKING_END_TIME</FIELDNAME>
     <ROLLNAME>ZARV4_BOOKING_END_TIME</ROLLNAME>
     <ADMINFIELD>0</ADMINFIELD>
     <SHLPORIGIN>T</SHLPORIGIN>
     <COMPTYPE>E</COMPTYPE>
    </DD03P>
   </DD03P_TABLE>
   <DD05M_TABLE>
    <DD05M>
     <FIELDNAME>BOOK_ID</FIELDNAME>
     <FORTABLE>ZARV4_D_BOOKING</FORTABLE>
     <FORKEY>MANDT</FORKEY>
     <CHECKTABLE>ZARV4_D_BOOK</CHECKTABLE>
     <CHECKFIELD>MANDT</CHECKFIELD>
     <PRIMPOS>0001</PRIMPOS>
     <DOMNAME>MANDT</DOMNAME>
     <DATATYPE>CLNT</DATATYPE>
    </DD05M>
    <DD05M>
     <FIELDNAME>BOOK_ID</FIELDNAME>
     <FORTABLE>ZARV4_D_BOOKING</FORTABLE>
     <FORKEY>BOOK_ID</FORKEY>
     <CHECKTABLE>ZARV4_D_BOOK</CHECKTABLE>
     <CHECKFIELD>BOOK_ID</CHECKFIELD>
     <PRIMPOS>0002</PRIMPOS>
     <DOMNAME>ZARV4_BOOK_ID</DOMNAME>
     <DATATYPE>NUMC</DATATYPE>
    </DD05M>
    <DD05M>
     <FIELDNAME>PERSON_ID</FIELDNAME>
     <FORTABLE>ZARV4_D_BOOKING</FORTABLE>
     <FORKEY>MANDT</FORKEY>
     <CHECKTABLE>ZARV4_D_READER</CHECKTABLE>
     <CHECKFIELD>MANDT</CHECKFIELD>
     <PRIMPOS>0001</PRIMPOS>
     <DOMNAME>MANDT</DOMNAME>
     <DATATYPE>CLNT</DATATYPE>
    </DD05M>
    <DD05M>
     <FIELDNAME>PERSON_ID</FIELDNAME>
     <FORTABLE>ZARV4_D_BOOKING</FORTABLE>
     <FORKEY>PERSON_ID</FORKEY>
     <CHECKTABLE>ZARV4_D_READER</CHECKTABLE>
     <CHECKFIELD>PERSON_ID</CHECKFIELD>
     <PRIMPOS>0002</PRIMPOS>
     <DOMNAME>ZARV4_PERSON_ID</DOMNAME>
     <DATATYPE>NUMC</DATATYPE>
    </DD05M>
   </DD05M_TABLE>
   <DD08V_TABLE>
    <DD08V>
     <FIELDNAME>BOOK_ID</FIELDNAME>
     <CHECKTABLE>ZARV4_D_BOOK</CHECKTABLE>
     <FRKART>KEY</FRKART>
     <CARD>CN</CARD>
     <DDTEXT>ZARV4_D_BOOK</DDTEXT>
     <CARDLEFT>1</CARDLEFT>
    </DD08V>
    <DD08V>
     <FIELDNAME>PERSON_ID</FIELDNAME>
     <CHECKTABLE>ZARV4_D_READER</CHECKTABLE>
     <FRKART>KEY</FRKART>
     <CARD>CN</CARD>
     <DDTEXT>ZARV4_D_READER</DDTEXT>
     <CARDLEFT>1</CARDLEFT>
    </DD08V>
   </DD08V_TABLE>
  </asx:values>
 </asx:abap>
</abapGit>
