﻿<?xml version="1.0" encoding="utf-8"?>
<abapGit version="v1.0.0" serializer="LCL_OBJECT_DTEL" serializer_version="v1.0.0">
 <asx:abap xmlns:asx="http://www.sap.com/abapxml" version="1.0">
  <asx:values>
   <DD04V>
    <ROLLNAME>ZARV4_BOOKING_STATUS</ROLLNAME>
    <DDLANGUAGE>E</DDLANGUAGE>
    <DOMNAME>ZARV4_BOOKING_STATUS</DOMNAME>
    <HEADLEN>14</HEADLEN>
    <SCRLEN1>02</SCRLEN1>
    <SCRLEN2>14</SCRLEN2>
    <SCRLEN3>14</SCRLEN3>
    <DDTEXT>Booking status</DDTEXT>
    <REPTEXT>Booking status</REPTEXT>
    <SCRTEXT_S>BS</SCRTEXT_S>
    <SCRTEXT_M>Booking status</SCRTEXT_M>
    <SCRTEXT_L>Booking status</SCRTEXT_L>
    <DTELMASTER>E</DTELMASTER>
    <REFKIND>D</REFKIND>
   </DD04V>
  </asx:values>
 </asx:abap>
</abapGit>
