﻿<?xml version="1.0" encoding="utf-8"?>
<abapGit version="v1.0.0" serializer="LCL_OBJECT_DTEL" serializer_version="v1.0.0">
 <asx:abap xmlns:asx="http://www.sap.com/abapxml" version="1.0">
  <asx:values>
   <DD04V>
    <ROLLNAME>ZARV4_BOOKING_BEG_TIME</ROLLNAME>
    <DDLANGUAGE>E</DDLANGUAGE>
    <DOMNAME>TIMS</DOMNAME>
    <HEADLEN>18</HEADLEN>
    <SCRLEN1>03</SCRLEN1>
    <SCRLEN2>18</SCRLEN2>
    <SCRLEN3>18</SCRLEN3>
    <DDTEXT>Booking Start Time</DDTEXT>
    <REPTEXT>Booking Start Time</REPTEXT>
    <SCRTEXT_S>BST</SCRTEXT_S>
    <SCRTEXT_M>Booking Start Time</SCRTEXT_M>
    <SCRTEXT_L>Booking Start Time</SCRTEXT_L>
    <DTELMASTER>E</DTELMASTER>
    <REFKIND>D</REFKIND>
   </DD04V>
  </asx:values>
 </asx:abap>
</abapGit>
