﻿<?xml version="1.0" encoding="utf-8"?>
<abapGit version="v1.0.0" serializer="LCL_OBJECT_ENQU" serializer_version="v1.0.0">
 <asx:abap xmlns:asx="http://www.sap.com/abapxml" version="1.0">
  <asx:values>
   <DD25V>
    <VIEWNAME>EZARV4_AUTHOR</VIEWNAME>
    <DDLANGUAGE>E</DDLANGUAGE>
    <AGGTYPE>E</AGGTYPE>
    <ROOTTAB>ZARV4_D_AUTHOR</ROOTTAB>
    <DDTEXT>Locked Object Author</DDTEXT>
   </DD25V>
   <DD26E_TABLE>
    <DD26E>
     <VIEWNAME>EZARV4_AUTHOR</VIEWNAME>
     <TABNAME>ZARV4_D_AUTHOR</TABNAME>
     <TABPOS>0001</TABPOS>
     <FORTABNAME>ZARV4_D_AUTHOR</FORTABNAME>
     <ENQMODE>S</ENQMODE>
    </DD26E>
    <DD26E>
     <VIEWNAME>EZARV4_AUTHOR</VIEWNAME>
     <TABNAME>ZARV4_D_AUTHOR_T</TABNAME>
     <TABPOS>0002</TABPOS>
     <FORTABNAME>ZARV4_D_AUTHOR</FORTABNAME>
     <FORFIELD>AUTHOR_ID</FORFIELD>
     <FORDIR>I</FORDIR>
     <ENQMODE>S</ENQMODE>
    </DD26E>
   </DD26E_TABLE>
   <DD27P_TABLE>
    <DD27P>
     <VIEWNAME>EZARV4_AUTHOR</VIEWNAME>
     <OBJPOS>0001</OBJPOS>
     <VIEWFIELD>MANDT</VIEWFIELD>
     <TABNAME>ZARV4_D_AUTHOR</TABNAME>
     <FIELDNAME>MANDT</FIELDNAME>
     <KEYFLAG>X</KEYFLAG>
     <ENQMODE>S</ENQMODE>
    </DD27P>
    <DD27P>
     <VIEWNAME>EZARV4_AUTHOR</VIEWNAME>
     <OBJPOS>0002</OBJPOS>
     <VIEWFIELD>AUTHOR_ID</VIEWFIELD>
     <TABNAME>ZARV4_D_AUTHOR</TABNAME>
     <FIELDNAME>AUTHOR_ID</FIELDNAME>
     <KEYFLAG>X</KEYFLAG>
     <ENQMODE>S</ENQMODE>
    </DD27P>
    <DD27P>
     <VIEWNAME>EZARV4_AUTHOR</VIEWNAME>
     <OBJPOS>0003</OBJPOS>
     <VIEWFIELD>LANGU</VIEWFIELD>
     <TABNAME>ZARV4_D_AUTHOR_T</TABNAME>
     <FIELDNAME>LANGU</FIELDNAME>
     <KEYFLAG>X</KEYFLAG>
     <ENQMODE>S</ENQMODE>
     <MEMORYID>SPR</MEMORYID>
     <SHLPORIGIN>D</SHLPORIGIN>
     <SHLPNAME>H_T002</SHLPNAME>
     <SHLPFIELD>SPRAS</SHLPFIELD>
     <LOGFLAG>X</LOGFLAG>
     <LOWERCASE>X</LOWERCASE>
     <CONVEXIT>ISOLA</CONVEXIT>
    </DD27P>
   </DD27P_TABLE>
  </asx:values>
 </asx:abap>
</abapGit>
