﻿<?xml version="1.0" encoding="utf-8"?>
<abapGit version="v1.0.0" serializer="LCL_OBJECT_DTEL" serializer_version="v1.0.0">
 <asx:abap xmlns:asx="http://www.sap.com/abapxml" version="1.0">
  <asx:values>
   <DD04V>
    <ROLLNAME>ZARV4_USE_TYPE_NAME</ROLLNAME>
    <DDLANGUAGE>E</DDLANGUAGE>
    <SCRLEN1>10</SCRLEN1>
    <SCRLEN2>20</SCRLEN2>
    <SCRLEN3>40</SCRLEN3>
    <DDTEXT>Nomenclature type of use name</DDTEXT>
    <SCRTEXT_S>TypeOfUse</SCRTEXT_S>
    <SCRTEXT_M>Type of use name</SCRTEXT_M>
    <SCRTEXT_L>Type of use name</SCRTEXT_L>
    <DTELMASTER>E</DTELMASTER>
    <DATATYPE>CHAR</DATATYPE>
    <LENG>000030</LENG>
    <OUTPUTLEN>000030</OUTPUTLEN>
   </DD04V>
  </asx:values>
 </asx:abap>
</abapGit>
