﻿<?xml version="1.0" encoding="utf-8"?>
<abapGit version="v1.0.0" serializer="LCL_OBJECT_CLAS" serializer_version="v1.0.0">
 <asx:abap xmlns:asx="http://www.sap.com/abapxml" version="1.0">
  <asx:values>
   <VSEOCLASS>
    <CLSNAME>ZARV4_CL_MADAGEMENT_DATABASE</CLSNAME>
    <LANGU>E</LANGU>
    <DESCRIPT>DAO class</DESCRIPT>
    <STATE>1</STATE>
    <CLSCCINCL>X</CLSCCINCL>
    <FIXPT>X</FIXPT>
    <UNICODE>X</UNICODE>
   </VSEOCLASS>
   <DESCRIPTIONS>
    <SEOCOMPOTX>
     <CLSNAME>ZARV4_CL_MADAGEMENT_DATABASE</CLSNAME>
     <CMPNAME>MV_DAO_INSTANCE</CMPNAME>
     <LANGU>E</LANGU>
     <DESCRIPT>DAO class</DESCRIPT>
    </SEOCOMPOTX>
    <SEOCOMPOTX>
     <CLSNAME>ZARV4_CL_MADAGEMENT_DATABASE</CLSNAME>
     <CMPNAME>MV_INDICATOR_IN_TEXT</CMPNAME>
     <LANGU>E</LANGU>
     <DESCRIPT>Comment</DESCRIPT>
    </SEOCOMPOTX>
   </DESCRIPTIONS>
  </asx:values>
 </asx:abap>
</abapGit>
