﻿<?xml version="1.0" encoding="utf-8"?>
<abapGit version="v1.0.0" serializer="LCL_OBJECT_CLAS" serializer_version="v1.0.0">
 <asx:abap xmlns:asx="http://www.sap.com/abapxml" version="1.0">
  <asx:values>
   <VSEOCLASS>
    <CLSNAME>ZARV4_CL_CONTROLLER</CLSNAME>
    <LANGU>E</LANGU>
    <DESCRIPT>Class controller</DESCRIPT>
    <STATE>1</STATE>
    <CLSCCINCL>X</CLSCCINCL>
    <FIXPT>X</FIXPT>
    <UNICODE>X</UNICODE>
   </VSEOCLASS>
   <DESCRIPTIONS>
    <SEOCOMPOTX>
     <CLSNAME>ZARV4_CL_CONTROLLER</CLSNAME>
     <CMPNAME>BOOK</CMPNAME>
     <LANGU>E</LANGU>
     <DESCRIPT>Single-Character Flag</DESCRIPT>
    </SEOCOMPOTX>
    <SEOCOMPOTX>
     <CLSNAME>ZARV4_CL_CONTROLLER</CLSNAME>
     <CMPNAME>CHANGE</CMPNAME>
     <LANGU>E</LANGU>
     <DESCRIPT>Single-Character Flag</DESCRIPT>
    </SEOCOMPOTX>
    <SEOCOMPOTX>
     <CLSNAME>ZARV4_CL_CONTROLLER</CLSNAME>
     <CMPNAME>CHANGE_TRANSACTION</CMPNAME>
     <LANGU>E</LANGU>
     <DESCRIPT>Single-Character Flag</DESCRIPT>
    </SEOCOMPOTX>
    <SEOCOMPOTX>
     <CLSNAME>ZARV4_CL_CONTROLLER</CLSNAME>
     <CMPNAME>CREATE</CMPNAME>
     <LANGU>E</LANGU>
     <DESCRIPT>Single-Character Flag</DESCRIPT>
    </SEOCOMPOTX>
    <SEOCOMPOTX>
     <CLSNAME>ZARV4_CL_CONTROLLER</CLSNAME>
     <CMPNAME>DELETE</CMPNAME>
     <LANGU>E</LANGU>
     <DESCRIPT>Single-Character Flag</DESCRIPT>
    </SEOCOMPOTX>
    <SEOCOMPOTX>
     <CLSNAME>ZARV4_CL_CONTROLLER</CLSNAME>
     <CMPNAME>GET_ENTRIES</CMPNAME>
     <LANGU>E</LANGU>
     <DESCRIPT>Single-Character Flag</DESCRIPT>
    </SEOCOMPOTX>
    <SEOCOMPOTX>
     <CLSNAME>ZARV4_CL_CONTROLLER</CLSNAME>
     <CMPNAME>GET_REMAIN</CMPNAME>
     <LANGU>E</LANGU>
     <DESCRIPT>Single-Character Flag</DESCRIPT>
    </SEOCOMPOTX>
    <SEOCOMPOTX>
     <CLSNAME>ZARV4_CL_CONTROLLER</CLSNAME>
     <CMPNAME>GET_SPECIFICATION</CMPNAME>
     <LANGU>E</LANGU>
     <DESCRIPT>Single-Character Flag</DESCRIPT>
    </SEOCOMPOTX>
    <SEOCOMPOTX>
     <CLSNAME>ZARV4_CL_CONTROLLER</CLSNAME>
     <CMPNAME>MR_NOMENCLATURE</CMPNAME>
     <LANGU>E</LANGU>
     <DESCRIPT>Class nomenclature</DESCRIPT>
    </SEOCOMPOTX>
    <SEOCOMPOTX>
     <CLSNAME>ZARV4_CL_CONTROLLER</CLSNAME>
     <CMPNAME>WRITE_OFF</CMPNAME>
     <LANGU>E</LANGU>
     <DESCRIPT>Single-Character Flag</DESCRIPT>
    </SEOCOMPOTX>
   </DESCRIPTIONS>
  </asx:values>
 </asx:abap>
</abapGit>
