﻿<?xml version="1.0" encoding="utf-8"?>
<abapGit version="v1.0.0" serializer="LCL_OBJECT_DTEL" serializer_version="v1.0.0">
 <asx:abap xmlns:asx="http://www.sap.com/abapxml" version="1.0">
  <asx:values>
   <DD04V>
    <ROLLNAME>ZARV4_INCLUDED_IN_SPEC</ROLLNAME>
    <DDLANGUAGE>E</DDLANGUAGE>
    <SCRLEN1>15</SCRLEN1>
    <SCRLEN2>20</SCRLEN2>
    <SCRLEN3>40</SCRLEN3>
    <DDTEXT>Nomenclature is included in specifications</DDTEXT>
    <SCRTEXT_S>InSpecific</SCRTEXT_S>
    <SCRTEXT_M>Included in spec</SCRTEXT_M>
    <SCRTEXT_L>Included in specifications</SCRTEXT_L>
    <DTELMASTER>E</DTELMASTER>
    <DATATYPE>CHAR</DATATYPE>
    <LENG>000003</LENG>
    <OUTPUTLEN>000003</OUTPUTLEN>
   </DD04V>
  </asx:values>
 </asx:abap>
</abapGit>
