﻿<?xml version="1.0" encoding="utf-8"?>
<abapGit version="v1.0.0" serializer="LCL_OBJECT_SHLP" serializer_version="v1.0.0">
 <asx:abap xmlns:asx="http://www.sap.com/abapxml" version="1.0">
  <asx:values>
   <DD30V>
    <SHLPNAME>ZARV4_SH_TYPE_OF_USE</SHLPNAME>
    <DDLANGUAGE>E</DDLANGUAGE>
    <DDTEXT>Search help for type of use</DDTEXT>
    <ISSIMPLE>X</ISSIMPLE>
    <SELMETHOD>ZARV4_D_TOFUSE</SELMETHOD>
    <SELMTYPE>T</SELMTYPE>
    <DIALOGTYPE>D</DIALOGTYPE>
    <FUZZY_SIMILARITY>0.8</FUZZY_SIMILARITY>
   </DD30V>
   <DD32P_TABLE>
    <DD32P>
     <SHLPNAME>ZARV4_SH_TYPE_OF_USE</SHLPNAME>
     <FIELDNAME>INDICATOR_OF_USE</FIELDNAME>
     <FLPOSITION>0001</FLPOSITION>
     <ROLLNAME>CHAR2</ROLLNAME>
     <SHLPINPUT>X</SHLPINPUT>
     <SHLPOUTPUT>X</SHLPOUTPUT>
     <SHLPLISPOS>01</SHLPLISPOS>
    </DD32P>
    <DD32P>
     <SHLPNAME>ZARV4_SH_TYPE_OF_USE</SHLPNAME>
     <FIELDNAME>NAME_OF_TYPE</FIELDNAME>
     <FLPOSITION>0002</FLPOSITION>
     <ROLLNAME>CHAR30</ROLLNAME>
     <SHLPSELPOS>01</SHLPSELPOS>
     <SHLPLISPOS>02</SHLPLISPOS>
    </DD32P>
   </DD32P_TABLE>
  </asx:values>
 </asx:abap>
</abapGit>
