﻿<?xml version="1.0" encoding="utf-8"?>
<abapGit version="v1.0.0" serializer="LCL_OBJECT_TTYP" serializer_version="v1.0.0">
 <asx:abap xmlns:asx="http://www.sap.com/abapxml" version="1.0">
  <asx:values>
   <DD40V>
    <TYPENAME>ZARV4_T_NOMENCLATURE_ID</TYPENAME>
    <DDLANGUAGE>E</DDLANGUAGE>
    <ROWTYPE>ZARV4_S_NOMENCLATURE_ID</ROWTYPE>
    <ROWKIND>S</ROWKIND>
    <DATATYPE>STRU</DATATYPE>
    <ACCESSMODE>T</ACCESSMODE>
    <KEYDEF>D</KEYDEF>
    <KEYKIND>N</KEYKIND>
    <DDTEXT>Nomenclature ID table</DDTEXT>
    <TTYPKIND>R</TTYPKIND>
    <RANGE_CTYP>ZARV4_NOMENCLATURE_ID</RANGE_CTYP>
    <CTDATATYPE>NUMC</CTDATATYPE>
    <CTLENG>000006</CTLENG>
   </DD40V>
  </asx:values>
 </asx:abap>
</abapGit>
