﻿<?xml version="1.0" encoding="utf-8"?>
<abapGit version="v1.0.0" serializer="LCL_OBJECT_TABL" serializer_version="v1.0.0">
 <asx:abap xmlns:asx="http://www.sap.com/abapxml" version="1.0">
  <asx:values>
   <DD02V>
    <TABNAME>ZARV4_D_TRANSACT</TABNAME>
    <DDLANGUAGE>E</DDLANGUAGE>
    <TABCLASS>TRANSP</TABCLASS>
    <CLIDEP>X</CLIDEP>
    <DDTEXT>list of transactions</DDTEXT>
    <MAINFLAG>X</MAINFLAG>
    <CONTFLAG>A</CONTFLAG>
    <EXCLASS>1</EXCLASS>
   </DD02V>
   <DD09L>
    <TABNAME>ZARV4_D_TRANSACT</TABNAME>
    <AS4LOCAL>A</AS4LOCAL>
    <TABKAT>0</TABKAT>
    <TABART>APPL1</TABART>
    <BUFALLOW>N</BUFALLOW>
   </DD09L>
   <DD03P_TABLE>
    <DD03P>
     <FIELDNAME>MANDT</FIELDNAME>
     <KEYFLAG>X</KEYFLAG>
     <ROLLNAME>MANDT</ROLLNAME>
     <ADMINFIELD>0</ADMINFIELD>
     <NOTNULL>X</NOTNULL>
     <COMPTYPE>E</COMPTYPE>
    </DD03P>
    <DD03P>
     <FIELDNAME>RECORD_ID</FIELDNAME>
     <KEYFLAG>X</KEYFLAG>
     <ROLLNAME>ZARV4_RECORD_ID</ROLLNAME>
     <ADMINFIELD>0</ADMINFIELD>
     <NOTNULL>X</NOTNULL>
     <COMPTYPE>E</COMPTYPE>
    </DD03P>
    <DD03P>
     <FIELDNAME>NOMENCLATURE_ID</FIELDNAME>
     <ROLLNAME>ZARV4_NOMENCLATURE_ID</ROLLNAME>
     <CHECKTABLE>ZARV4_D_NOM</CHECKTABLE>
     <ADMINFIELD>0</ADMINFIELD>
     <NOTNULL>X</NOTNULL>
     <SHLPORIGIN>P</SHLPORIGIN>
     <COMPTYPE>E</COMPTYPE>
    </DD03P>
    <DD03P>
     <FIELDNAME>RESPONSIBLE_PERSON</FIELDNAME>
     <ROLLNAME>ZARV4_EMPLOYEE_ID</ROLLNAME>
     <CHECKTABLE>ZARV4_D_WORKER</CHECKTABLE>
     <ADMINFIELD>0</ADMINFIELD>
     <NOTNULL>X</NOTNULL>
     <SHLPORIGIN>P</SHLPORIGIN>
     <COMPTYPE>E</COMPTYPE>
    </DD03P>
    <DD03P>
     <FIELDNAME>TRANSACTION_DATE</FIELDNAME>
     <ROLLNAME>ZARV4_TRANSACTION_DATE</ROLLNAME>
     <ADMINFIELD>0</ADMINFIELD>
     <NOTNULL>X</NOTNULL>
     <SHLPORIGIN>T</SHLPORIGIN>
     <COMPTYPE>E</COMPTYPE>
    </DD03P>
    <DD03P>
     <FIELDNAME>TRANSACTION_TIME</FIELDNAME>
     <ROLLNAME>ZARV4_TRANSACTION_TIME</ROLLNAME>
     <ADMINFIELD>0</ADMINFIELD>
     <NOTNULL>X</NOTNULL>
     <SHLPORIGIN>T</SHLPORIGIN>
     <COMPTYPE>E</COMPTYPE>
    </DD03P>
    <DD03P>
     <FIELDNAME>TRANSACTION_SALARY_RECIPIENT</FIELDNAME>
     <ROLLNAME>ZARV4_EMPLOYEE_ID</ROLLNAME>
     <CHECKTABLE>ZARV4_D_WORKER</CHECKTABLE>
     <ADMINFIELD>0</ADMINFIELD>
     <SHLPORIGIN>P</SHLPORIGIN>
     <COMPTYPE>E</COMPTYPE>
    </DD03P>
    <DD03P>
     <FIELDNAME>TRANSACTION_QUANTITY</FIELDNAME>
     <ROLLNAME>ZARV4_TRANSACTION_QUANTITY</ROLLNAME>
     <ADMINFIELD>0</ADMINFIELD>
     <NOTNULL>X</NOTNULL>
     <COMPTYPE>E</COMPTYPE>
    </DD03P>
    <DD03P>
     <FIELDNAME>TRANSACTION_AMOUNT</FIELDNAME>
     <ROLLNAME>ZARV4_TRANSACTION_AMOUNT</ROLLNAME>
     <ADMINFIELD>0</ADMINFIELD>
     <NOTNULL>X</NOTNULL>
     <COMPTYPE>E</COMPTYPE>
    </DD03P>
    <DD03P>
     <FIELDNAME>TRANSACTION_PRICE</FIELDNAME>
     <ROLLNAME>ZARV4_TRANSACTION_PRICE</ROLLNAME>
     <ADMINFIELD>0</ADMINFIELD>
     <NOTNULL>X</NOTNULL>
     <COMPTYPE>E</COMPTYPE>
    </DD03P>
    <DD03P>
     <FIELDNAME>TRANSACTION_DESCRIPTION</FIELDNAME>
     <ROLLNAME>CHAR50</ROLLNAME>
     <ADMINFIELD>0</ADMINFIELD>
     <COMPTYPE>E</COMPTYPE>
    </DD03P>
   </DD03P_TABLE>
   <DD05M_TABLE>
    <DD05M>
     <FIELDNAME>NOMENCLATURE_ID</FIELDNAME>
     <FORTABLE>ZARV4_D_TRANSACT</FORTABLE>
     <FORKEY>MANDT</FORKEY>
     <CHECKTABLE>ZARV4_D_NOM</CHECKTABLE>
     <CHECKFIELD>MANDT</CHECKFIELD>
     <PRIMPOS>0001</PRIMPOS>
     <DOMNAME>MANDT</DOMNAME>
     <DATATYPE>CLNT</DATATYPE>
    </DD05M>
    <DD05M>
     <FIELDNAME>NOMENCLATURE_ID</FIELDNAME>
     <FORTABLE>ZARV4_D_TRANSACT</FORTABLE>
     <FORKEY>NOMENCLATURE_ID</FORKEY>
     <CHECKTABLE>ZARV4_D_NOM</CHECKTABLE>
     <CHECKFIELD>NOMENCLATURE_ID</CHECKFIELD>
     <PRIMPOS>0002</PRIMPOS>
     <DOMNAME>ZARV4_NOMENCLATURE_ID</DOMNAME>
     <DATATYPE>NUMC</DATATYPE>
    </DD05M>
    <DD05M>
     <FIELDNAME>RESPONSIBLE_PERSON</FIELDNAME>
     <FORTABLE>ZARV4_D_TRANSACT</FORTABLE>
     <FORKEY>MANDT</FORKEY>
     <CHECKTABLE>ZARV4_D_WORKER</CHECKTABLE>
     <CHECKFIELD>MANDT</CHECKFIELD>
     <PRIMPOS>0001</PRIMPOS>
     <DOMNAME>MANDT</DOMNAME>
     <DATATYPE>CLNT</DATATYPE>
    </DD05M>
    <DD05M>
     <FIELDNAME>RESPONSIBLE_PERSON</FIELDNAME>
     <FORTABLE>ZARV4_D_TRANSACT</FORTABLE>
     <FORKEY>RESPONSIBLE_PERSON</FORKEY>
     <CHECKTABLE>ZARV4_D_WORKER</CHECKTABLE>
     <CHECKFIELD>EMPLOYEE_ID</CHECKFIELD>
     <PRIMPOS>0002</PRIMPOS>
     <DOMNAME>ZARV4_EMPLOYEE_ID</DOMNAME>
     <DATATYPE>NUMC</DATATYPE>
    </DD05M>
    <DD05M>
     <FIELDNAME>TRANSACTION_SALARY_RECIPIENT</FIELDNAME>
     <FORTABLE>ZARV4_D_TRANSACT</FORTABLE>
     <FORKEY>MANDT</FORKEY>
     <CHECKTABLE>ZARV4_D_WORKER</CHECKTABLE>
     <CHECKFIELD>MANDT</CHECKFIELD>
     <PRIMPOS>0001</PRIMPOS>
     <DOMNAME>MANDT</DOMNAME>
     <DATATYPE>CLNT</DATATYPE>
    </DD05M>
    <DD05M>
     <FIELDNAME>TRANSACTION_SALARY_RECIPIENT</FIELDNAME>
     <FORTABLE>ZARV4_D_TRANSACT</FORTABLE>
     <FORKEY>TRANSACTION_SALARY_RECIPIENT</FORKEY>
     <CHECKTABLE>ZARV4_D_WORKER</CHECKTABLE>
     <CHECKFIELD>EMPLOYEE_ID</CHECKFIELD>
     <PRIMPOS>0002</PRIMPOS>
     <DOMNAME>ZARV4_EMPLOYEE_ID</DOMNAME>
     <DATATYPE>NUMC</DATATYPE>
    </DD05M>
   </DD05M_TABLE>
   <DD08V_TABLE>
    <DD08V>
     <FIELDNAME>NOMENCLATURE_ID</FIELDNAME>
     <CHECKTABLE>ZARV4_D_NOM</CHECKTABLE>
     <FRKART>KEY</FRKART>
     <CARD>N</CARD>
     <CARDLEFT>1</CARDLEFT>
    </DD08V>
    <DD08V>
     <FIELDNAME>RESPONSIBLE_PERSON</FIELDNAME>
     <CHECKTABLE>ZARV4_D_WORKER</CHECKTABLE>
     <FRKART>KEY</FRKART>
     <CARD>N</CARD>
     <CARDLEFT>1</CARDLEFT>
    </DD08V>
    <DD08V>
     <FIELDNAME>TRANSACTION_SALARY_RECIPIENT</FIELDNAME>
     <CHECKTABLE>ZARV4_D_WORKER</CHECKTABLE>
     <FRKART>KEY</FRKART>
     <CARD>N</CARD>
     <CARDLEFT>1</CARDLEFT>
    </DD08V>
   </DD08V_TABLE>
   <TABL_EXTRAS>
    <TDDAT>
     <TABNAME>ZARV4_D_TRANSACT</TABNAME>
     <CCLASS>&amp;NC&amp;</CCLASS>
    </TDDAT>
   </TABL_EXTRAS>
  </asx:values>
 </asx:abap>
</abapGit>
