﻿<?xml version="1.0" encoding="utf-8"?>
<abapGit version="v1.0.0" serializer="LCL_OBJECT_DTEL" serializer_version="v1.0.0">
 <asx:abap xmlns:asx="http://www.sap.com/abapxml" version="1.0">
  <asx:values>
   <DD04V>
    <ROLLNAME>ZARV4_UNIT_TYPE_NAME</ROLLNAME>
    <DDLANGUAGE>E</DDLANGUAGE>
    <DOMNAME>ZARV4_NAME</DOMNAME>
    <HEADLEN>14</HEADLEN>
    <SCRLEN1>06</SCRLEN1>
    <SCRLEN2>14</SCRLEN2>
    <SCRLEN3>14</SCRLEN3>
    <DDTEXT>Unit type Name</DDTEXT>
    <REPTEXT>Unit type Name</REPTEXT>
    <SCRTEXT_S>UTName</SCRTEXT_S>
    <SCRTEXT_M>Unit type Name</SCRTEXT_M>
    <SCRTEXT_L>Unit type Name</SCRTEXT_L>
    <DTELMASTER>E</DTELMASTER>
    <REFKIND>D</REFKIND>
   </DD04V>
  </asx:values>
 </asx:abap>
</abapGit>
