﻿<?xml version="1.0" encoding="utf-8"?>
<abapGit version="v1.0.0" serializer="LCL_OBJECT_VIEW" serializer_version="v1.0.0">
 <asx:abap xmlns:asx="http://www.sap.com/abapxml" version="1.0">
  <asx:values>
   <DD25V>
    <VIEWNAME>ZARV4_V_ALL_NOM</VIEWNAME>
    <AS4LOCAL>A</AS4LOCAL>
    <DDLANGUAGE>E</DDLANGUAGE>
    <AGGTYPE>V</AGGTYPE>
    <ROOTTAB>ZARV4_D_NOM</ROOTTAB>
    <DDTEXT>Raw-material</DDTEXT>
    <VIEWCLASS>D</VIEWCLASS>
    <VIEWGRANT>R</VIEWGRANT>
   </DD25V>
   <DD26V_TABLE>
    <DD26V>
     <VIEWNAME>ZARV4_V_ALL_NOM</VIEWNAME>
     <TABNAME>ZARV4_D_NOM</TABNAME>
     <TABPOS>0001</TABPOS>
     <FORTABNAME>ZARV4_D_NOM</FORTABNAME>
    </DD26V>
    <DD26V>
     <VIEWNAME>ZARV4_V_ALL_NOM</VIEWNAME>
     <TABNAME>ZARV4_D_NOM_T</TABNAME>
     <TABPOS>0002</TABPOS>
    </DD26V>
    <DD26V>
     <VIEWNAME>ZARV4_V_ALL_NOM</VIEWNAME>
     <TABNAME>ZARV4_D_U_TYPES</TABNAME>
     <TABPOS>0003</TABPOS>
    </DD26V>
   </DD26V_TABLE>
   <DD27P_TABLE>
    <DD27P>
     <VIEWFIELD>NOMENCLATURE_ID</VIEWFIELD>
     <TABNAME>ZARV4_D_NOM</TABNAME>
     <FIELDNAME>NOMENCLATURE_ID</FIELDNAME>
     <KEYFLAG>X</KEYFLAG>
    </DD27P>
    <DD27P>
     <VIEWFIELD>ARTICLE</VIEWFIELD>
     <TABNAME>ZARV4_D_NOM</TABNAME>
     <FIELDNAME>ARTICLE</FIELDNAME>
     <KEYFLAG>X</KEYFLAG>
    </DD27P>
    <DD27P>
     <VIEWFIELD>INDICATOR_OF_USE</VIEWFIELD>
     <TABNAME>ZARV4_D_NOM</TABNAME>
     <FIELDNAME>INDICATOR_OF_USE</FIELDNAME>
     <KEYFLAG>X</KEYFLAG>
     <SHLPORIGIN>F</SHLPORIGIN>
     <VALEXI>X</VALEXI>
    </DD27P>
    <DD27P>
     <VIEWFIELD>NOMENCLATURE_NAME</VIEWFIELD>
     <TABNAME>ZARV4_D_NOM_T</TABNAME>
     <FIELDNAME>NOMENCLATURE_NAME</FIELDNAME>
     <KEYFLAG>X</KEYFLAG>
    </DD27P>
    <DD27P>
     <VIEWFIELD>UNIT_TYPE_NAME</VIEWFIELD>
     <TABNAME>ZARV4_D_U_TYPES</TABNAME>
     <FIELDNAME>UNIT_TYPE_NAME</FIELDNAME>
     <KEYFLAG>X</KEYFLAG>
    </DD27P>
    <DD27P>
     <VIEWFIELD>MANDT</VIEWFIELD>
     <TABNAME>ZARV4_D_NOM</TABNAME>
     <FIELDNAME>MANDT</FIELDNAME>
     <KEYFLAG>X</KEYFLAG>
    </DD27P>
    <DD27P>
     <VIEWFIELD>LANGU</VIEWFIELD>
     <TABNAME>ZARV4_D_NOM_T</TABNAME>
     <FIELDNAME>LANGU</FIELDNAME>
     <KEYFLAG>X</KEYFLAG>
     <SHLPORIGIN>D</SHLPORIGIN>
     <SHLPNAME>H_T002</SHLPNAME>
     <SHLPFIELD>SPRAS</SHLPFIELD>
     <LOGFLAG>X</LOGFLAG>
    </DD27P>
   </DD27P_TABLE>
   <DD28J_TABLE>
    <DD28J>
     <VIEWNAME>ZARV4_V_ALL_NOM</VIEWNAME>
     <LTAB>ZARV4_D_U_TYPES</LTAB>
     <LFIELD>MANDT</LFIELD>
     <OPERATOR>EQ</OPERATOR>
     <RTAB>ZARV4_D_NOM</RTAB>
     <RFIELD>MANDT</RFIELD>
     <SOURCE>S</SOURCE>
    </DD28J>
    <DD28J>
     <VIEWNAME>ZARV4_V_ALL_NOM</VIEWNAME>
     <LTAB>ZARV4_D_U_TYPES</LTAB>
     <LFIELD>UNIT_TYPE_ID</LFIELD>
     <OPERATOR>EQ</OPERATOR>
     <RTAB>ZARV4_D_NOM</RTAB>
     <RFIELD>UNIT_TYPE_ID</RFIELD>
     <SOURCE>S</SOURCE>
    </DD28J>
    <DD28J>
     <VIEWNAME>ZARV4_V_ALL_NOM</VIEWNAME>
     <LTAB>ZARV4_D_NOM</LTAB>
     <LFIELD>MANDT</LFIELD>
     <OPERATOR>EQ</OPERATOR>
     <RTAB>ZARV4_D_NOM_T</RTAB>
     <RFIELD>MANDT</RFIELD>
     <SOURCE>S</SOURCE>
    </DD28J>
    <DD28J>
     <VIEWNAME>ZARV4_V_ALL_NOM</VIEWNAME>
     <LTAB>ZARV4_D_NOM</LTAB>
     <LFIELD>NOMENCLATURE_ID</LFIELD>
     <OPERATOR>EQ</OPERATOR>
     <RTAB>ZARV4_D_NOM_T</RTAB>
     <RFIELD>NOMENCLATURE_ID</RFIELD>
     <SOURCE>S</SOURCE>
    </DD28J>
   </DD28J_TABLE>
   <DD28V_TABLE>
    <DD28V>
     <CONDNAME>ZARV4_V_ALL_NOM</CONDNAME>
     <POSITION>0009</POSITION>
     <TABNAME>ZARV4_D_NOM_T</TABNAME>
     <FIELDNAME>LANGU</FIELDNAME>
     <OPERATOR>EQ</OPERATOR>
     <CONSTANTS>&apos;E&apos;</CONSTANTS>
    </DD28V>
   </DD28V_TABLE>
  </asx:values>
 </asx:abap>
</abapGit>
