﻿<?xml version="1.0" encoding="utf-8"?>
<abapGit version="v1.0.0" serializer="LCL_OBJECT_DTEL" serializer_version="v1.0.0">
 <asx:abap xmlns:asx="http://www.sap.com/abapxml" version="1.0">
  <asx:values>
   <DD04V>
    <ROLLNAME>ZARV4_TRANSACTION_QUANTITY</ROLLNAME>
    <DDLANGUAGE>E</DDLANGUAGE>
    <HEADLEN>55</HEADLEN>
    <SCRLEN1>10</SCRLEN1>
    <SCRLEN2>20</SCRLEN2>
    <SCRLEN3>40</SCRLEN3>
    <DDTEXT>Transaction quantity</DDTEXT>
    <REPTEXT>Transaction quantity</REPTEXT>
    <SCRTEXT_S>TQ</SCRTEXT_S>
    <SCRTEXT_M>Transaction quantity</SCRTEXT_M>
    <SCRTEXT_L>Transaction quantity</SCRTEXT_L>
    <DTELMASTER>E</DTELMASTER>
    <DATATYPE>DEC</DATATYPE>
    <LENG>000016</LENG>
    <DECIMALS>000002</DECIMALS>
    <OUTPUTLEN>000021</OUTPUTLEN>
   </DD04V>
  </asx:values>
 </asx:abap>
</abapGit>
