﻿<?xml version="1.0" encoding="utf-8"?>
<abapGit version="v1.0.0" serializer="LCL_OBJECT_SHLP" serializer_version="v1.0.0">
 <asx:abap xmlns:asx="http://www.sap.com/abapxml" version="1.0">
  <asx:values>
   <DD30V>
    <SHLPNAME>ZARV4_SH_EXPANSE</SHLPNAME>
    <DDLANGUAGE>E</DDLANGUAGE>
    <DDTEXT>Expanses searsh help</DDTEXT>
    <ISSIMPLE>X</ISSIMPLE>
    <SELMETHOD>ZARV4_V_EXPANSE</SELMETHOD>
    <SELMTYPE>V</SELMTYPE>
    <DIALOGTYPE>D</DIALOGTYPE>
    <FUZZY_SIMILARITY>0.8</FUZZY_SIMILARITY>
   </DD30V>
   <DD32P_TABLE>
    <DD32P>
     <SHLPNAME>ZARV4_SH_EXPANSE</SHLPNAME>
     <FIELDNAME>NOMENCLATURE_ID</FIELDNAME>
     <FLPOSITION>0001</FLPOSITION>
     <ROLLNAME>ZARV4_NOMENCLATURE_ID</ROLLNAME>
     <SHLPINPUT>X</SHLPINPUT>
     <SHLPOUTPUT>X</SHLPOUTPUT>
     <SHLPLISPOS>01</SHLPLISPOS>
     <SCRLEN3>40</SCRLEN3>
    </DD32P>
    <DD32P>
     <SHLPNAME>ZARV4_SH_EXPANSE</SHLPNAME>
     <FIELDNAME>ARTICLE</FIELDNAME>
     <FLPOSITION>0002</FLPOSITION>
     <ROLLNAME>ZARV4_ARTICLE</ROLLNAME>
     <SHLPSELPOS>01</SHLPSELPOS>
     <SHLPLISPOS>02</SHLPLISPOS>
     <SCRLEN3>40</SCRLEN3>
    </DD32P>
    <DD32P>
     <SHLPNAME>ZARV4_SH_EXPANSE</SHLPNAME>
     <FIELDNAME>NOMENCLATURE_NAME</FIELDNAME>
     <FLPOSITION>0003</FLPOSITION>
     <ROLLNAME>ZARV4_NOMENCLATURE_NAME</ROLLNAME>
     <SHLPSELPOS>02</SHLPSELPOS>
     <SHLPLISPOS>03</SHLPLISPOS>
     <SCRLEN3>40</SCRLEN3>
    </DD32P>
    <DD32P>
     <SHLPNAME>ZARV4_SH_EXPANSE</SHLPNAME>
     <FIELDNAME>UNIT_TYPE_NAME</FIELDNAME>
     <FLPOSITION>0004</FLPOSITION>
     <ROLLNAME>ZARV4_UNIT_TYPE_NAME</ROLLNAME>
     <SHLPSELPOS>03</SHLPSELPOS>
     <SHLPLISPOS>04</SHLPLISPOS>
     <SCRLEN3>14</SCRLEN3>
    </DD32P>
   </DD32P_TABLE>
  </asx:values>
 </asx:abap>
</abapGit>
