﻿<?xml version="1.0" encoding="utf-8"?>
<abapGit version="v1.0.0" serializer="LCL_OBJECT_DTEL" serializer_version="v1.0.0">
 <asx:abap xmlns:asx="http://www.sap.com/abapxml" version="1.0">
  <asx:values>
   <DD04V>
    <ROLLNAME>ZARV4_TRANSACTION_PRICE</ROLLNAME>
    <DDLANGUAGE>E</DDLANGUAGE>
    <HEADLEN>17</HEADLEN>
    <SCRLEN1>02</SCRLEN1>
    <SCRLEN2>17</SCRLEN2>
    <SCRLEN3>17</SCRLEN3>
    <DDTEXT>Transaction price</DDTEXT>
    <REPTEXT>Transaction price</REPTEXT>
    <SCRTEXT_S>TP</SCRTEXT_S>
    <SCRTEXT_M>Transaction price</SCRTEXT_M>
    <SCRTEXT_L>Transaction price</SCRTEXT_L>
    <DTELMASTER>E</DTELMASTER>
    <DATATYPE>DEC</DATATYPE>
    <LENG>000016</LENG>
    <DECIMALS>000002</DECIMALS>
    <OUTPUTLEN>000021</OUTPUTLEN>
   </DD04V>
  </asx:values>
 </asx:abap>
</abapGit>
