﻿<?xml version="1.0" encoding="utf-8"?>
<abapGit version="v1.0.0" serializer="LCL_OBJECT_VIEW" serializer_version="v1.0.0">
 <asx:abap xmlns:asx="http://www.sap.com/abapxml" version="1.0">
  <asx:values>
   <DD25V>
    <VIEWNAME>ZARV4_V_RP</VIEWNAME>
    <AS4LOCAL>A</AS4LOCAL>
    <DDLANGUAGE>E</DDLANGUAGE>
    <AGGTYPE>V</AGGTYPE>
    <ROOTTAB>ZARV4_D_WORKER</ROOTTAB>
    <DDTEXT>Responsible person</DDTEXT>
    <VIEWCLASS>D</VIEWCLASS>
    <VIEWGRANT>R</VIEWGRANT>
   </DD25V>
   <DD26V_TABLE>
    <DD26V>
     <VIEWNAME>ZARV4_V_RP</VIEWNAME>
     <TABNAME>ZARV4_D_WORKER</TABNAME>
     <TABPOS>0001</TABPOS>
     <FORTABNAME>ZARV4_D_WORKER</FORTABNAME>
    </DD26V>
    <DD26V>
     <VIEWNAME>ZARV4_V_RP</VIEWNAME>
     <TABNAME>ZARV4_D_WORKER_T</TABNAME>
     <TABPOS>0002</TABPOS>
    </DD26V>
    <DD26V>
     <VIEWNAME>ZARV4_V_RP</VIEWNAME>
     <TABNAME>ZARV4_D_TITLES</TABNAME>
     <TABPOS>0003</TABPOS>
    </DD26V>
    <DD26V>
     <VIEWNAME>ZARV4_V_RP</VIEWNAME>
     <TABNAME>ZARV4_D_TITLES_T</TABNAME>
     <TABPOS>0004</TABPOS>
    </DD26V>
   </DD26V_TABLE>
   <DD27P_TABLE>
    <DD27P>
     <VIEWFIELD>EMPLOYEE_ID</VIEWFIELD>
     <TABNAME>ZARV4_D_WORKER</TABNAME>
     <FIELDNAME>EMPLOYEE_ID</FIELDNAME>
     <KEYFLAG>X</KEYFLAG>
    </DD27P>
    <DD27P>
     <VIEWFIELD>FIRST_NAME</VIEWFIELD>
     <TABNAME>ZARV4_D_WORKER_T</TABNAME>
     <FIELDNAME>FIRST_NAME</FIELDNAME>
     <KEYFLAG>X</KEYFLAG>
    </DD27P>
    <DD27P>
     <VIEWFIELD>LAST_NAME</VIEWFIELD>
     <TABNAME>ZARV4_D_WORKER_T</TABNAME>
     <FIELDNAME>LAST_NAME</FIELDNAME>
     <KEYFLAG>X</KEYFLAG>
    </DD27P>
    <DD27P>
     <VIEWFIELD>TITLE_NAME</VIEWFIELD>
     <TABNAME>ZARV4_D_TITLES_T</TABNAME>
     <FIELDNAME>TITLE_NAME</FIELDNAME>
     <KEYFLAG>X</KEYFLAG>
    </DD27P>
    <DD27P>
     <VIEWFIELD>LANGU</VIEWFIELD>
     <TABNAME>ZARV4_D_WORKER_T</TABNAME>
     <FIELDNAME>LANGU</FIELDNAME>
     <KEYFLAG>X</KEYFLAG>
     <SHLPORIGIN>D</SHLPORIGIN>
     <SHLPNAME>H_T002</SHLPNAME>
     <SHLPFIELD>SPRAS</SHLPFIELD>
     <LOGFLAG>X</LOGFLAG>
    </DD27P>
    <DD27P>
     <VIEWFIELD>LANGU1</VIEWFIELD>
     <TABNAME>ZARV4_D_TITLES_T</TABNAME>
     <FIELDNAME>LANGU</FIELDNAME>
     <KEYFLAG>X</KEYFLAG>
     <SHLPORIGIN>D</SHLPORIGIN>
     <SHLPNAME>H_T002</SHLPNAME>
     <SHLPFIELD>SPRAS</SHLPFIELD>
     <LOGFLAG>X</LOGFLAG>
    </DD27P>
   </DD27P_TABLE>
   <DD28J_TABLE>
    <DD28J>
     <VIEWNAME>ZARV4_V_RP</VIEWNAME>
     <LTAB>ZARV4_D_TITLES</LTAB>
     <LFIELD>MANDT</LFIELD>
     <OPERATOR>EQ</OPERATOR>
     <RTAB>ZARV4_D_TITLES_T</RTAB>
     <RFIELD>MANDT</RFIELD>
     <SOURCE>S</SOURCE>
    </DD28J>
    <DD28J>
     <VIEWNAME>ZARV4_V_RP</VIEWNAME>
     <LTAB>ZARV4_D_TITLES</LTAB>
     <LFIELD>TITLE_ID</LFIELD>
     <OPERATOR>EQ</OPERATOR>
     <RTAB>ZARV4_D_TITLES_T</RTAB>
     <RFIELD>TITLE_ID</RFIELD>
     <SOURCE>S</SOURCE>
    </DD28J>
    <DD28J>
     <VIEWNAME>ZARV4_V_RP</VIEWNAME>
     <LTAB>ZARV4_D_TITLES</LTAB>
     <LFIELD>MANDT</LFIELD>
     <OPERATOR>EQ</OPERATOR>
     <RTAB>ZARV4_D_WORKER</RTAB>
     <RFIELD>MANDT</RFIELD>
     <SOURCE>S</SOURCE>
    </DD28J>
    <DD28J>
     <VIEWNAME>ZARV4_V_RP</VIEWNAME>
     <LTAB>ZARV4_D_TITLES</LTAB>
     <LFIELD>TITLE_ID</LFIELD>
     <OPERATOR>EQ</OPERATOR>
     <RTAB>ZARV4_D_WORKER</RTAB>
     <RFIELD>TITLE_ID</RFIELD>
     <SOURCE>S</SOURCE>
    </DD28J>
    <DD28J>
     <VIEWNAME>ZARV4_V_RP</VIEWNAME>
     <LTAB>ZARV4_D_WORKER</LTAB>
     <LFIELD>MANDT</LFIELD>
     <OPERATOR>EQ</OPERATOR>
     <RTAB>ZARV4_D_WORKER_T</RTAB>
     <RFIELD>MANDT</RFIELD>
     <SOURCE>S</SOURCE>
    </DD28J>
    <DD28J>
     <VIEWNAME>ZARV4_V_RP</VIEWNAME>
     <LTAB>ZARV4_D_WORKER</LTAB>
     <LFIELD>EMPLOYEE_ID</LFIELD>
     <OPERATOR>EQ</OPERATOR>
     <RTAB>ZARV4_D_WORKER_T</RTAB>
     <RFIELD>EMPLOYEE_ID</RFIELD>
     <SOURCE>S</SOURCE>
    </DD28J>
   </DD28J_TABLE>
   <DD28V_TABLE>
    <DD28V>
     <CONDNAME>ZARV4_V_RP</CONDNAME>
     <POSITION>0013</POSITION>
     <TABNAME>ZARV4_D_WORKER_T</TABNAME>
     <FIELDNAME>LANGU</FIELDNAME>
     <OPERATOR>EQ</OPERATOR>
     <CONSTANTS>&apos;E&apos;</CONSTANTS>
     <AND_OR>AND</AND_OR>
    </DD28V>
    <DD28V>
     <CONDNAME>ZARV4_V_RP</CONDNAME>
     <POSITION>0014</POSITION>
     <TABNAME>ZARV4_D_TITLES_T</TABNAME>
     <FIELDNAME>LANGU</FIELDNAME>
     <OPERATOR>EQ</OPERATOR>
     <CONSTANTS>&apos;E&apos;</CONSTANTS>
    </DD28V>
   </DD28V_TABLE>
  </asx:values>
 </asx:abap>
</abapGit>
