﻿<?xml version="1.0" encoding="utf-8"?>
<abapGit version="v1.0.0" serializer="LCL_OBJECT_PROG" serializer_version="v1.0.0">
 <asx:abap xmlns:asx="http://www.sap.com/abapxml" version="1.0">
  <asx:values>
   <PROGDIR>
    <NAME>ZARV4_R_MAKE_TRANSACTION</NAME>
    <SUBC>1</SUBC>
    <RLOAD>E</RLOAD>
    <FIXPT>X</FIXPT>
    <UCCHECK>X</UCCHECK>
   </PROGDIR>
   <DYNPROS>
    <item>
     <HEADER>
      <PROGRAM>ZARV4_R_MAKE_TRANSACTION</PROGRAM>
      <SCREEN>0100</SCREEN>
      <LANGUAGE>E</LANGUAGE>
      <DESCRIPT>Deletion confirmation</DESCRIPT>
      <TYPE>M</TYPE>
      <NEXTSCREEN>0000</NEXTSCREEN>
      <LINES>027</LINES>
      <COLUMNS>120</COLUMNS>
     </HEADER>
     <CONTAINERS>
      <RPY_DYCATT>
       <TYPE>SCREEN</TYPE>
       <NAME>SCREEN</NAME>
      </RPY_DYCATT>
     </CONTAINERS>
     <FIELDS>
      <RPY_DYFATC>
       <CONT_TYPE>SCREEN</CONT_TYPE>
       <CONT_NAME>SCREEN</CONT_NAME>
       <TYPE>TEXT</TYPE>
       <NAME>%#AUTOTEXT001</NAME>
       <TEXT>Do_you_confirm_the_entry_deletion?</TEXT>
       <LINE>002</LINE>
       <COLUMN>004</COLUMN>
       <LENGTH>034</LENGTH>
       <VISLENGTH>034</VISLENGTH>
       <HEIGHT>001</HEIGHT>
       <FORMAT>CHAR</FORMAT>
       <REQU_ENTRY>N</REQU_ENTRY>
      </RPY_DYFATC>
      <RPY_DYFATC>
       <CONT_TYPE>SCREEN</CONT_TYPE>
       <CONT_NAME>SCREEN</CONT_NAME>
       <TYPE>OKCODE</TYPE>
       <NAME>GV_0100_UCOMM</NAME>
       <TEXT>____________________</TEXT>
       <LENGTH>020</LENGTH>
       <VISLENGTH>020</VISLENGTH>
       <HEIGHT>001</HEIGHT>
       <FORMAT>CHAR</FORMAT>
       <INPUT_FLD>X</INPUT_FLD>
      </RPY_DYFATC>
     </FIELDS>
     <FLOW_LOGIC>
      <RPY_DYFLOW>
       <LINE>PROCESS BEFORE OUTPUT.</LINE>
      </RPY_DYFLOW>
      <RPY_DYFLOW>
       <LINE> MODULE STATUS_0100.</LINE>
      </RPY_DYFLOW>
      <RPY_DYFLOW>
       <LINE>*</LINE>
      </RPY_DYFLOW>
      <RPY_DYFLOW>
       <LINE>PROCESS AFTER INPUT.</LINE>
      </RPY_DYFLOW>
      <RPY_DYFLOW>
       <LINE> MODULE USER_COMMAND_0100.</LINE>
      </RPY_DYFLOW>
     </FLOW_LOGIC>
    </item>
    <item>
     <HEADER>
      <PROGRAM>ZARV4_R_MAKE_TRANSACTION</PROGRAM>
      <SCREEN>0200</SCREEN>
      <LANGUAGE>E</LANGUAGE>
      <DESCRIPT>Change entry</DESCRIPT>
      <TYPE>N</TYPE>
      <NEXTSCREEN>0200</NEXTSCREEN>
      <LINES>027</LINES>
      <COLUMNS>120</COLUMNS>
     </HEADER>
     <CONTAINERS>
      <RPY_DYCATT>
       <TYPE>SCREEN</TYPE>
       <NAME>SCREEN</NAME>
      </RPY_DYCATT>
     </CONTAINERS>
     <FIELDS>
      <RPY_DYFATC>
       <CONT_TYPE>SCREEN</CONT_TYPE>
       <CONT_NAME>SCREEN</CONT_NAME>
       <TYPE>FRAME</TYPE>
       <NAME>ENTRY_DATA</NAME>
       <TEXT>Entry_data_________________________________________________</TEXT>
       <LINE>001</LINE>
       <COLUMN>001</COLUMN>
       <LENGTH>060</LENGTH>
       <VISLENGTH>060</VISLENGTH>
       <HEIGHT>019</HEIGHT>
       <FORMAT>CHAR</FORMAT>
       <REQU_ENTRY>N</REQU_ENTRY>
      </RPY_DYFATC>
      <RPY_DYFATC>
       <CONT_TYPE>SCREEN</CONT_TYPE>
       <CONT_NAME>SCREEN</CONT_NAME>
       <TYPE>FRAME</TYPE>
       <NAME>RECORD_DATA</NAME>
       <TEXT>Record_data___________________________________</TEXT>
       <LINE>003</LINE>
       <COLUMN>003</COLUMN>
       <LENGTH>047</LENGTH>
       <VISLENGTH>047</VISLENGTH>
       <HEIGHT>006</HEIGHT>
       <FORMAT>CHAR</FORMAT>
       <REQU_ENTRY>N</REQU_ENTRY>
      </RPY_DYFATC>
      <RPY_DYFATC>
       <CONT_TYPE>SCREEN</CONT_TYPE>
       <CONT_NAME>SCREEN</CONT_NAME>
       <TYPE>TEXT</TYPE>
       <NAME>RECORD_ID</NAME>
       <TEXT>Record_ID</TEXT>
       <LINE>004</LINE>
       <COLUMN>004</COLUMN>
       <LENGTH>009</LENGTH>
       <VISLENGTH>009</VISLENGTH>
       <HEIGHT>001</HEIGHT>
       <FORMAT>CHAR</FORMAT>
       <REQU_ENTRY>N</REQU_ENTRY>
       <LABELLEFT>X</LABELLEFT>
      </RPY_DYFATC>
      <RPY_DYFATC>
       <CONT_TYPE>SCREEN</CONT_TYPE>
       <CONT_NAME>SCREEN</CONT_NAME>
       <TYPE>TEMPLATE</TYPE>
       <NAME>ZARV4_S_TRANSACT-RECORD_ID</NAME>
       <LINE>004</LINE>
       <COLUMN>024</COLUMN>
       <LENGTH>006</LENGTH>
       <VISLENGTH>006</VISLENGTH>
       <HEIGHT>001</HEIGHT>
       <FORMAT>NUMC</FORMAT>
       <FROM_DICT>X</FROM_DICT>
       <OUTPUT_FLD>X</OUTPUT_FLD>
       <REQU_ENTRY>N</REQU_ENTRY>
      </RPY_DYFATC>
      <RPY_DYFATC>
       <CONT_TYPE>SCREEN</CONT_TYPE>
       <CONT_NAME>SCREEN</CONT_NAME>
       <TYPE>TEXT</TYPE>
       <NAME>TRANSACTION_DATE</NAME>
       <TEXT>Record_date</TEXT>
       <LINE>005</LINE>
       <COLUMN>004</COLUMN>
       <LENGTH>011</LENGTH>
       <VISLENGTH>011</VISLENGTH>
       <HEIGHT>001</HEIGHT>
       <FORMAT>CHAR</FORMAT>
       <REQU_ENTRY>N</REQU_ENTRY>
      </RPY_DYFATC>
      <RPY_DYFATC>
       <CONT_TYPE>SCREEN</CONT_TYPE>
       <CONT_NAME>SCREEN</CONT_NAME>
       <TYPE>TEMPLATE</TYPE>
       <NAME>ZARV4_S_TRANSACT-TRANSACTION_DATE</NAME>
       <LINE>005</LINE>
       <COLUMN>024</COLUMN>
       <LENGTH>010</LENGTH>
       <VISLENGTH>010</VISLENGTH>
       <HEIGHT>001</HEIGHT>
       <FORMAT>DATS</FORMAT>
       <FROM_DICT>X</FROM_DICT>
       <INPUT_FLD>X</INPUT_FLD>
       <OUTPUT_FLD>X</OUTPUT_FLD>
      </RPY_DYFATC>
      <RPY_DYFATC>
       <CONT_TYPE>SCREEN</CONT_TYPE>
       <CONT_NAME>SCREEN</CONT_NAME>
       <TYPE>TEXT</TYPE>
       <NAME>TRANSACTION_TIME</NAME>
       <TEXT>Record_time</TEXT>
       <LINE>006</LINE>
       <COLUMN>004</COLUMN>
       <LENGTH>011</LENGTH>
       <VISLENGTH>011</VISLENGTH>
       <HEIGHT>001</HEIGHT>
       <FORMAT>CHAR</FORMAT>
       <REQU_ENTRY>N</REQU_ENTRY>
      </RPY_DYFATC>
      <RPY_DYFATC>
       <CONT_TYPE>SCREEN</CONT_TYPE>
       <CONT_NAME>SCREEN</CONT_NAME>
       <TYPE>TEMPLATE</TYPE>
       <NAME>ZARV4_S_TRANSACT-TRANSACTION_TIME</NAME>
       <LINE>006</LINE>
       <COLUMN>024</COLUMN>
       <LENGTH>008</LENGTH>
       <VISLENGTH>008</VISLENGTH>
       <HEIGHT>001</HEIGHT>
       <FORMAT>TIMS</FORMAT>
       <FROM_DICT>X</FROM_DICT>
       <INPUT_FLD>X</INPUT_FLD>
       <OUTPUT_FLD>X</OUTPUT_FLD>
      </RPY_DYFATC>
      <RPY_DYFATC>
       <CONT_TYPE>SCREEN</CONT_TYPE>
       <CONT_NAME>SCREEN</CONT_NAME>
       <TYPE>TEXT</TYPE>
       <NAME>RESPONSIBLE_PERSON</NAME>
       <TEXT>Responsible_person</TEXT>
       <LINE>007</LINE>
       <COLUMN>004</COLUMN>
       <LENGTH>018</LENGTH>
       <VISLENGTH>018</VISLENGTH>
       <HEIGHT>001</HEIGHT>
       <FORMAT>CHAR</FORMAT>
       <REQU_ENTRY>N</REQU_ENTRY>
      </RPY_DYFATC>
      <RPY_DYFATC>
       <CONT_TYPE>SCREEN</CONT_TYPE>
       <CONT_NAME>SCREEN</CONT_NAME>
       <TYPE>TEMPLATE</TYPE>
       <NAME>ZARV4_S_TRANSACT-RESPONSIBLE_PERSON</NAME>
       <LINE>007</LINE>
       <COLUMN>024</COLUMN>
       <LENGTH>006</LENGTH>
       <VISLENGTH>006</VISLENGTH>
       <HEIGHT>001</HEIGHT>
       <FORMAT>NUMC</FORMAT>
       <FROM_DICT>X</FROM_DICT>
       <INPUT_FLD>X</INPUT_FLD>
       <OUTPUT_FLD>X</OUTPUT_FLD>
       <MATCHCODE>ZARV4_SH_RP</MATCHCODE>
      </RPY_DYFATC>
      <RPY_DYFATC>
       <CONT_TYPE>SCREEN</CONT_TYPE>
       <CONT_NAME>SCREEN</CONT_NAME>
       <TYPE>FRAME</TYPE>
       <NAME>NOMENCLATURE_DATA</NAME>
       <TEXT>Nomenclature_data_____________________________</TEXT>
       <LINE>010</LINE>
       <COLUMN>003</COLUMN>
       <LENGTH>047</LENGTH>
       <VISLENGTH>047</VISLENGTH>
       <HEIGHT>007</HEIGHT>
       <FORMAT>CHAR</FORMAT>
       <REQU_ENTRY>N</REQU_ENTRY>
      </RPY_DYFATC>
      <RPY_DYFATC>
       <CONT_TYPE>SCREEN</CONT_TYPE>
       <CONT_NAME>SCREEN</CONT_NAME>
       <TYPE>TEXT</TYPE>
       <NAME>NOMENCLATURE_ID</NAME>
       <TEXT>Nomenclature_ID</TEXT>
       <LINE>011</LINE>
       <COLUMN>004</COLUMN>
       <LENGTH>015</LENGTH>
       <VISLENGTH>015</VISLENGTH>
       <HEIGHT>001</HEIGHT>
       <FORMAT>CHAR</FORMAT>
       <REQU_ENTRY>N</REQU_ENTRY>
      </RPY_DYFATC>
      <RPY_DYFATC>
       <CONT_TYPE>SCREEN</CONT_TYPE>
       <CONT_NAME>SCREEN</CONT_NAME>
       <TYPE>TEMPLATE</TYPE>
       <NAME>ZARV4_S_TRANSACT-NOMENCLATURE_ID</NAME>
       <LINE>011</LINE>
       <COLUMN>023</COLUMN>
       <LENGTH>006</LENGTH>
       <VISLENGTH>006</VISLENGTH>
       <HEIGHT>001</HEIGHT>
       <FORMAT>NUMC</FORMAT>
       <FROM_DICT>X</FROM_DICT>
       <INPUT_FLD>X</INPUT_FLD>
       <OUTPUT_FLD>X</OUTPUT_FLD>
      </RPY_DYFATC>
      <RPY_DYFATC>
       <CONT_TYPE>SCREEN</CONT_TYPE>
       <CONT_NAME>SCREEN</CONT_NAME>
       <TYPE>TEXT</TYPE>
       <NAME>TRANSACTION_QUANTITY</NAME>
       <TEXT>Quantity</TEXT>
       <LINE>012</LINE>
       <COLUMN>004</COLUMN>
       <LENGTH>008</LENGTH>
       <VISLENGTH>008</VISLENGTH>
       <HEIGHT>001</HEIGHT>
       <FORMAT>CHAR</FORMAT>
       <REQU_ENTRY>N</REQU_ENTRY>
      </RPY_DYFATC>
      <RPY_DYFATC>
       <CONT_TYPE>SCREEN</CONT_TYPE>
       <CONT_NAME>SCREEN</CONT_NAME>
       <TYPE>TEMPLATE</TYPE>
       <NAME>ZARV4_S_TRANSACT-TRANSACTION_QUANTITY</NAME>
       <LINE>012</LINE>
       <COLUMN>023</COLUMN>
       <LENGTH>021</LENGTH>
       <VISLENGTH>021</VISLENGTH>
       <HEIGHT>001</HEIGHT>
       <FORMAT>DEC</FORMAT>
       <FROM_DICT>X</FROM_DICT>
       <INPUT_FLD>X</INPUT_FLD>
       <OUTPUT_FLD>X</OUTPUT_FLD>
      </RPY_DYFATC>
      <RPY_DYFATC>
       <CONT_TYPE>SCREEN</CONT_TYPE>
       <CONT_NAME>SCREEN</CONT_NAME>
       <TYPE>TEXT</TYPE>
       <NAME>TRANSACTION_PRICE</NAME>
       <TEXT>Price</TEXT>
       <LINE>013</LINE>
       <COLUMN>004</COLUMN>
       <LENGTH>005</LENGTH>
       <VISLENGTH>005</VISLENGTH>
       <HEIGHT>001</HEIGHT>
       <FORMAT>CHAR</FORMAT>
       <REQU_ENTRY>N</REQU_ENTRY>
      </RPY_DYFATC>
      <RPY_DYFATC>
       <CONT_TYPE>SCREEN</CONT_TYPE>
       <CONT_NAME>SCREEN</CONT_NAME>
       <TYPE>TEMPLATE</TYPE>
       <NAME>ZARV4_S_TRANSACT-TRANSACTION_PRICE</NAME>
       <LINE>013</LINE>
       <COLUMN>023</COLUMN>
       <LENGTH>021</LENGTH>
       <VISLENGTH>021</VISLENGTH>
       <HEIGHT>001</HEIGHT>
       <FORMAT>DEC</FORMAT>
       <FROM_DICT>X</FROM_DICT>
       <OUTPUT_FLD>X</OUTPUT_FLD>
       <REQU_ENTRY>N</REQU_ENTRY>
      </RPY_DYFATC>
      <RPY_DYFATC>
       <CONT_TYPE>SCREEN</CONT_TYPE>
       <CONT_NAME>SCREEN</CONT_NAME>
       <TYPE>TEXT</TYPE>
       <NAME>TRANSACTION_AMOUNT</NAME>
       <TEXT>Amount</TEXT>
       <LINE>014</LINE>
       <COLUMN>004</COLUMN>
       <LENGTH>006</LENGTH>
       <VISLENGTH>006</VISLENGTH>
       <HEIGHT>001</HEIGHT>
       <FORMAT>CHAR</FORMAT>
       <REQU_ENTRY>N</REQU_ENTRY>
      </RPY_DYFATC>
      <RPY_DYFATC>
       <CONT_TYPE>SCREEN</CONT_TYPE>
       <CONT_NAME>SCREEN</CONT_NAME>
       <TYPE>TEMPLATE</TYPE>
       <NAME>ZARV4_S_TRANSACT-TRANSACTION_AMOUNT</NAME>
       <LINE>014</LINE>
       <COLUMN>023</COLUMN>
       <LENGTH>021</LENGTH>
       <VISLENGTH>021</VISLENGTH>
       <HEIGHT>001</HEIGHT>
       <FORMAT>DEC</FORMAT>
       <FROM_DICT>X</FROM_DICT>
       <INPUT_FLD>X</INPUT_FLD>
       <OUTPUT_FLD>X</OUTPUT_FLD>
      </RPY_DYFATC>
      <RPY_DYFATC>
       <CONT_TYPE>SCREEN</CONT_TYPE>
       <CONT_NAME>SCREEN</CONT_NAME>
       <TYPE>TEXT</TYPE>
       <NAME>TRANSACTION_SALARY_RECIPIENT</NAME>
       <TEXT>Salary_recipient</TEXT>
       <LINE>015</LINE>
       <COLUMN>004</COLUMN>
       <LENGTH>016</LENGTH>
       <VISLENGTH>016</VISLENGTH>
       <HEIGHT>001</HEIGHT>
       <FORMAT>CHAR</FORMAT>
       <REQU_ENTRY>N</REQU_ENTRY>
      </RPY_DYFATC>
      <RPY_DYFATC>
       <CONT_TYPE>SCREEN</CONT_TYPE>
       <CONT_NAME>SCREEN</CONT_NAME>
       <TYPE>TEMPLATE</TYPE>
       <NAME>ZARV4_S_TRANSACT-TRANSACTION_SALARY_RECIPIENT</NAME>
       <LINE>015</LINE>
       <COLUMN>023</COLUMN>
       <LENGTH>006</LENGTH>
       <VISLENGTH>006</VISLENGTH>
       <HEIGHT>001</HEIGHT>
       <FORMAT>NUMC</FORMAT>
       <FROM_DICT>X</FROM_DICT>
       <INPUT_FLD>X</INPUT_FLD>
       <OUTPUT_FLD>X</OUTPUT_FLD>
      </RPY_DYFATC>
      <RPY_DYFATC>
       <CONT_TYPE>SCREEN</CONT_TYPE>
       <CONT_NAME>SCREEN</CONT_NAME>
       <TYPE>PUSH</TYPE>
       <NAME>SAVE_DATA</NAME>
       <TEXT>Save_data</TEXT>
       <LINE>018</LINE>
       <COLUMN>004</COLUMN>
       <LENGTH>009</LENGTH>
       <VISLENGTH>009</VISLENGTH>
       <HEIGHT>001</HEIGHT>
       <PUSH_FCODE>SAVE</PUSH_FCODE>
       <FORMAT>CHAR</FORMAT>
       <REQU_ENTRY>N</REQU_ENTRY>
      </RPY_DYFATC>
      <RPY_DYFATC>
       <CONT_TYPE>SCREEN</CONT_TYPE>
       <CONT_NAME>SCREEN</CONT_NAME>
       <TYPE>PUSH</TYPE>
       <NAME>DELETE_ENTRY</NAME>
       <TEXT>Delete_entry__</TEXT>
       <LINE>018</LINE>
       <COLUMN>015</COLUMN>
       <LENGTH>014</LENGTH>
       <VISLENGTH>014</VISLENGTH>
       <HEIGHT>001</HEIGHT>
       <PUSH_FCODE>DELETE</PUSH_FCODE>
       <FORMAT>CHAR</FORMAT>
       <REQU_ENTRY>N</REQU_ENTRY>
      </RPY_DYFATC>
      <RPY_DYFATC>
       <CONT_TYPE>SCREEN</CONT_TYPE>
       <CONT_NAME>SCREEN</CONT_NAME>
       <TYPE>OKCODE</TYPE>
       <NAME>GV_0200_UCOMM</NAME>
       <TEXT>____________________</TEXT>
       <LENGTH>020</LENGTH>
       <VISLENGTH>020</VISLENGTH>
       <HEIGHT>001</HEIGHT>
       <FORMAT>CHAR</FORMAT>
       <INPUT_FLD>X</INPUT_FLD>
      </RPY_DYFATC>
     </FIELDS>
     <FLOW_LOGIC>
      <RPY_DYFLOW>
       <LINE>PROCESS BEFORE OUTPUT.</LINE>
      </RPY_DYFLOW>
      <RPY_DYFLOW>
       <LINE> MODULE STATUS_0200.</LINE>
      </RPY_DYFLOW>
      <RPY_DYFLOW>
       <LINE>*</LINE>
      </RPY_DYFLOW>
      <RPY_DYFLOW>
       <LINE>PROCESS AFTER INPUT.</LINE>
      </RPY_DYFLOW>
      <RPY_DYFLOW>
       <LINE> MODULE USER_COMMAND_0200.</LINE>
      </RPY_DYFLOW>
     </FLOW_LOGIC>
    </item>
   </DYNPROS>
   <CUA>
    <ADM>
     <ACTCODE>000001</ACTCODE>
     <MENCODE>000006</MENCODE>
     <PFKCODE>000002</PFKCODE>
    </ADM>
    <STA>
     <RSMPE_STAT>
      <CODE>0100</CODE>
      <MODAL>P</MODAL>
      <PFKCODE>000001</PFKCODE>
      <BUTCODE>0001</BUTCODE>
      <INT_NOTE>Deletion confirmation</INT_NOTE>
     </RSMPE_STAT>
     <RSMPE_STAT>
      <CODE>0200</CODE>
      <MODAL>D</MODAL>
      <ACTCODE>000001</ACTCODE>
      <PFKCODE>000002</PFKCODE>
      <BUTCODE>0001</BUTCODE>
      <INT_NOTE>Change entry</INT_NOTE>
     </RSMPE_STAT>
    </STA>
    <FUN>
     <RSMPE_FUNT>
      <CODE>BACK</CODE>
      <TEXTNO>001</TEXTNO>
      <TEXT_TYPE>S</TEXT_TYPE>
      <FUN_TEXT>BACK</FUN_TEXT>
     </RSMPE_FUNT>
     <RSMPE_FUNT>
      <CODE>CANCEL</CODE>
      <TEXTNO>001</TEXTNO>
      <TEXT_TYPE>S</TEXT_TYPE>
      <FUN_TEXT>Cancel</FUN_TEXT>
     </RSMPE_FUNT>
     <RSMPE_FUNT>
      <CODE>CANCEL1</CODE>
      <TEXTNO>001</TEXTNO>
      <TEXT_TYPE>S</TEXT_TYPE>
      <TEXT_NAME>ICON_CANCEL</TEXT_NAME>
      <ICON_ID>@0W@</ICON_ID>
      <FUN_TEXT>CANCEL</FUN_TEXT>
      <ICON_TEXT>CANCEL</ICON_TEXT>
      <INFO_TEXT>Not confirmed</INFO_TEXT>
     </RSMPE_FUNT>
     <RSMPE_FUNT>
      <CODE>EXIT</CODE>
      <TEXTNO>001</TEXTNO>
      <TEXT_TYPE>S</TEXT_TYPE>
      <FUN_TEXT>EXIT</FUN_TEXT>
     </RSMPE_FUNT>
     <RSMPE_FUNT>
      <CODE>OK</CODE>
      <TEXTNO>001</TEXTNO>
      <TEXT_TYPE>S</TEXT_TYPE>
      <TEXT_NAME>ICON_OKAY</TEXT_NAME>
      <ICON_ID>@0V@</ICON_ID>
      <FUN_TEXT>OK</FUN_TEXT>
      <ICON_TEXT>OK</ICON_TEXT>
      <INFO_TEXT>Confirm</INFO_TEXT>
     </RSMPE_FUNT>
    </FUN>
    <MTX>
     <RSMPE_MNLT>
      <CODE>000001</CODE>
      <TEXT_TYPE>S</TEXT_TYPE>
      <TEXT>Change entry</TEXT>
     </RSMPE_MNLT>
     <RSMPE_MNLT>
      <CODE>000002</CODE>
      <TEXT_TYPE>S</TEXT_TYPE>
      <TEXT>Goto</TEXT>
      <PATH>G</PATH>
     </RSMPE_MNLT>
     <RSMPE_MNLT>
      <CODE>000003</CODE>
      <TEXT_TYPE>S</TEXT_TYPE>
      <TEXT>Edit</TEXT>
      <PATH>E</PATH>
      <INT_NOTE>Standard Supplement</INT_NOTE>
     </RSMPE_MNLT>
     <RSMPE_MNLT>
      <CODE>000004</CODE>
      <TEXT_TYPE>S</TEXT_TYPE>
      <TEXT>Goto</TEXT>
      <PATH>O</PATH>
      <INT_NOTE>Standard Supplement</INT_NOTE>
     </RSMPE_MNLT>
     <RSMPE_MNLT>
      <CODE>000005</CODE>
      <TEXT_TYPE>S</TEXT_TYPE>
      <TEXT>Extras</TEXT>
      <PATH>A</PATH>
      <INT_NOTE>Standard Supplement</INT_NOTE>
     </RSMPE_MNLT>
     <RSMPE_MNLT>
      <CODE>000006</CODE>
      <TEXT_TYPE>S</TEXT_TYPE>
      <TEXT>Environment</TEXT>
      <PATH>V</PATH>
      <INT_NOTE>Standard Supplement</INT_NOTE>
     </RSMPE_MNLT>
    </MTX>
    <BUT>
     <RSMPE_BUT>
      <PFK_CODE>000001</PFK_CODE>
      <CODE>0001</CODE>
      <NO>01</NO>
      <PFNO>02</PFNO>
     </RSMPE_BUT>
     <RSMPE_BUT>
      <PFK_CODE>000001</PFK_CODE>
      <CODE>0001</CODE>
      <NO>02</NO>
      <PFNO>14</PFNO>
     </RSMPE_BUT>
    </BUT>
    <PFK>
     <RSMPE_PFK>
      <CODE>000001</CODE>
      <PFNO>02</PFNO>
      <FUNCODE>OK</FUNCODE>
      <FUNNO>001</FUNNO>
     </RSMPE_PFK>
     <RSMPE_PFK>
      <CODE>000001</CODE>
      <PFNO>12</PFNO>
      <FUNCODE>CANCEL</FUNCODE>
      <FUNNO>001</FUNNO>
     </RSMPE_PFK>
     <RSMPE_PFK>
      <CODE>000001</CODE>
      <PFNO>14</PFNO>
      <FUNCODE>CANCEL1</FUNCODE>
      <FUNNO>001</FUNNO>
     </RSMPE_PFK>
     <RSMPE_PFK>
      <CODE>000002</CODE>
      <PFNO>03</PFNO>
      <FUNCODE>BACK</FUNCODE>
      <FUNNO>001</FUNNO>
     </RSMPE_PFK>
     <RSMPE_PFK>
      <CODE>000002</CODE>
      <PFNO>12</PFNO>
      <FUNCODE>CANCEL</FUNCODE>
      <FUNNO>001</FUNNO>
     </RSMPE_PFK>
     <RSMPE_PFK>
      <CODE>000002</CODE>
      <PFNO>15</PFNO>
      <FUNCODE>EXIT</FUNCODE>
      <FUNNO>001</FUNNO>
     </RSMPE_PFK>
    </PFK>
    <SET>
     <RSMPE_STAF>
      <STATUS>0100</STATUS>
      <FUNCTION>CANCEL</FUNCTION>
     </RSMPE_STAF>
     <RSMPE_STAF>
      <STATUS>0100</STATUS>
      <FUNCTION>CANCEL1</FUNCTION>
     </RSMPE_STAF>
     <RSMPE_STAF>
      <STATUS>0100</STATUS>
      <FUNCTION>OK</FUNCTION>
     </RSMPE_STAF>
     <RSMPE_STAF>
      <STATUS>0200</STATUS>
      <FUNCTION>BACK</FUNCTION>
     </RSMPE_STAF>
     <RSMPE_STAF>
      <STATUS>0200</STATUS>
      <FUNCTION>CANCEL</FUNCTION>
     </RSMPE_STAF>
     <RSMPE_STAF>
      <STATUS>0200</STATUS>
      <FUNCTION>EXIT</FUNCTION>
     </RSMPE_STAF>
    </SET>
    <DOC>
     <RSMPE_ATRT>
      <OBJ_TYPE>A</OBJ_TYPE>
      <OBJ_CODE>000001</OBJ_CODE>
      <MODAL>D</MODAL>
      <INT_NOTE>Change entry</INT_NOTE>
     </RSMPE_ATRT>
     <RSMPE_ATRT>
      <OBJ_TYPE>B</OBJ_TYPE>
      <OBJ_CODE>000002</OBJ_CODE>
      <SUB_CODE>0001</SUB_CODE>
      <MODAL>D</MODAL>
      <INT_NOTE>Change entry</INT_NOTE>
     </RSMPE_ATRT>
     <RSMPE_ATRT>
      <OBJ_TYPE>B</OBJ_TYPE>
      <OBJ_CODE>000001</OBJ_CODE>
      <SUB_CODE>0001</SUB_CODE>
      <MODAL>P</MODAL>
      <INT_NOTE>Deletion confirmation</INT_NOTE>
     </RSMPE_ATRT>
     <RSMPE_ATRT>
      <OBJ_TYPE>P</OBJ_TYPE>
      <OBJ_CODE>000002</OBJ_CODE>
      <MODAL>D</MODAL>
      <INT_NOTE>Change entry</INT_NOTE>
     </RSMPE_ATRT>
     <RSMPE_ATRT>
      <OBJ_TYPE>P</OBJ_TYPE>
      <OBJ_CODE>000001</OBJ_CODE>
      <MODAL>P</MODAL>
      <INT_NOTE>Deletion confirmation</INT_NOTE>
     </RSMPE_ATRT>
    </DOC>
    <TIT>
     <RSMPE_TITT>
      <CODE>0100</CODE>
      <TEXT>Deletion confirmation</TEXT>
     </RSMPE_TITT>
     <RSMPE_TITT>
      <CODE>0200</CODE>
      <TEXT>Change entry</TEXT>
     </RSMPE_TITT>
    </TIT>
   </CUA>
   <TPOOL>
    <item>
     <ID>I</ID>
     <KEY>T01</KEY>
     <ENTRY>Book transaction</ENTRY>
     <LENGTH>44</LENGTH>
    </item>
    <item>
     <ID>I</ID>
     <KEY>T02</KEY>
     <ENTRY>Add item</ENTRY>
     <LENGTH>18</LENGTH>
    </item>
    <item>
     <ID>I</ID>
     <KEY>T03</KEY>
     <ENTRY>Create nomenclature</ENTRY>
     <LENGTH>29</LENGTH>
    </item>
    <item>
     <ID>I</ID>
     <KEY>T04</KEY>
     <ENTRY>Create employee</ENTRY>
     <LENGTH>25</LENGTH>
    </item>
    <item>
     <ID>I</ID>
     <KEY>T05</KEY>
     <ENTRY>Change data</ENTRY>
     <LENGTH>21</LENGTH>
    </item>
    <item>
     <ID>I</ID>
     <KEY>T06</KEY>
     <ENTRY>Save data</ENTRY>
     <LENGTH>19</LENGTH>
    </item>
    <item>
     <ID>I</ID>
     <KEY>T07</KEY>
     <ENTRY>Delite transaction</ENTRY>
     <LENGTH>28</LENGTH>
    </item>
    <item>
     <ID>I</ID>
     <KEY>T11</KEY>
     <ENTRY>Book nomenclature purchase</ENTRY>
     <LENGTH>56</LENGTH>
    </item>
    <item>
     <ID>I</ID>
     <KEY>T13</KEY>
     <ENTRY>Book expense accrual</ENTRY>
     <LENGTH>46</LENGTH>
    </item>
    <item>
     <ID>I</ID>
     <KEY>T15</KEY>
     <ENTRY>Book finished goods release</ENTRY>
     <LENGTH>58</LENGTH>
    </item>
    <item>
     <ID>I</ID>
     <KEY>T17</KEY>
     <ENTRY>Change transaction</ENTRY>
     <LENGTH>50</LENGTH>
    </item>
    <item>
     <ID>I</ID>
     <KEY>T18</KEY>
     <ENTRY>Release item</ENTRY>
     <LENGTH>22</LENGTH>
    </item>
    <item>
     <ID>R</ID>
     <ENTRY>Reflection of transactions</ENTRY>
     <LENGTH>26</LENGTH>
    </item>
    <item>
     <ID>S</ID>
     <KEY>P_CHA</KEY>
     <ENTRY>Change transaction</ENTRY>
     <LENGTH>26</LENGTH>
    </item>
    <item>
     <ID>S</ID>
     <KEY>P_EXP</KEY>
     <ENTRY>Accrual of expenses</ENTRY>
     <LENGTH>27</LENGTH>
    </item>
    <item>
     <ID>S</ID>
     <KEY>P_LANG</KEY>
     <ENTRY>Language</ENTRY>
     <LENGTH>16</LENGTH>
    </item>
    <item>
     <ID>S</ID>
     <KEY>P_PUR</KEY>
     <ENTRY>Purchase of nomenclature</ENTRY>
     <LENGTH>32</LENGTH>
    </item>
    <item>
     <ID>S</ID>
     <KEY>P_REL</KEY>
     <ENTRY>Release of finished goods</ENTRY>
     <LENGTH>33</LENGTH>
    </item>
    <item>
     <ID>S</ID>
     <KEY>S_NOM_ID</KEY>
     <ENTRY>Nomenclature ID</ENTRY>
     <LENGTH>23</LENGTH>
    </item>
    <item>
     <ID>S</ID>
     <KEY>S_TRAM</KEY>
     <ENTRY>Amount</ENTRY>
     <LENGTH>14</LENGTH>
    </item>
    <item>
     <ID>S</ID>
     <KEY>S_TRQ</KEY>
     <ENTRY>Quantity</ENTRY>
     <LENGTH>16</LENGTH>
    </item>
    <item>
     <ID>S</ID>
     <KEY>S_TR_AM</KEY>
     <ENTRY>Amount</ENTRY>
     <LENGTH>14</LENGTH>
    </item>
    <item>
     <ID>S</ID>
     <KEY>S_TR_D</KEY>
     <ENTRY>Transaction date</ENTRY>
     <LENGTH>24</LENGTH>
    </item>
    <item>
     <ID>S</ID>
     <KEY>S_TR_ID</KEY>
     <ENTRY>Transaction ID</ENTRY>
     <LENGTH>22</LENGTH>
    </item>
    <item>
     <ID>S</ID>
     <KEY>S_TR_N</KEY>
     <ENTRY>Nomenclature ID</ENTRY>
     <LENGTH>23</LENGTH>
    </item>
    <item>
     <ID>S</ID>
     <KEY>S_TR_N1</KEY>
     <ENTRY>Nomenclature ID</ENTRY>
     <LENGTH>23</LENGTH>
    </item>
    <item>
     <ID>S</ID>
     <KEY>S_TR_Q</KEY>
     <ENTRY>Quantity</ENTRY>
     <LENGTH>16</LENGTH>
    </item>
    <item>
     <ID>S</ID>
     <KEY>S_TR_R</KEY>
     <ENTRY>Salary recipient</ENTRY>
     <LENGTH>24</LENGTH>
    </item>
    <item>
     <ID>S</ID>
     <KEY>S_TR_RP</KEY>
     <ENTRY>Responsible person</ENTRY>
     <LENGTH>26</LENGTH>
    </item>
    <item>
     <ID>S</ID>
     <KEY>S_TR_T</KEY>
     <ENTRY>Transaction time</ENTRY>
     <LENGTH>24</LENGTH>
    </item>
   </TPOOL>
  </asx:values>
 </asx:abap>
</abapGit>
